row_index,image_path,reason
28,files/p12/p12481731/s55910083/46828285-f7e1876e-43287ac6-bcd2d4ca-ede1a494.jpg,image file is truncated (18 bytes not processed)
679,files/p18/p18596190/s59588264/4d7a3598-ec0ea7fd-7fd19c0b-048eac60-7b6f703d.jpg,image file is truncated (12 bytes not processed)
687,files/p10/p10357649/s54515105/da47af76-c3ac43eb-f86fdc0b-73dba00f-aa4808d1.jpg,image file is truncated (3 bytes not processed)
729,files/p10/p10361825/s54503288/ca1f7d67-5460f9c1-467c219a-bbb42ad3-d92afe72.jpg,image file is truncated (4 bytes not processed)
731,files/p16/p16722175/s57153642/7f72fed9-e30434c7-873b8760-e7d01e6b-6e0ed091.jpg,image file is truncated (3 bytes not processed)
736,files/p19/p19244907/s58830652/57818846-c623e2c2-1b122d8c-fe751b5a-34272c22.jpg,image file is truncated (3 bytes not processed)
737,files/p19/p19244907/s58261170/327a3563-fa1e9a45-4ae057b2-990e03c5-d543a948.jpg,image file is truncated (8 bytes not processed)
779,files/p10/p10956035/s54029830/30b5a928-b5e0b531-851c60ed-a2f8220c-187ec8b6.jpg,image file is truncated (13 bytes not processed)
2347,files/p13/p13950056/s59249646/fe0daebe-6aa965a6-7ebdd5cd-c8d79393-45e2337b.jpg,image file is truncated (9 bytes not processed)
2585,files/p19/p19889178/s54145005/9a44fd3d-7bbc4988-ed2eacde-8e3bf237-d5f1b54d.jpg,image file is truncated (0 bytes not processed)
2944,files/p17/p17536902/s55804354/d5932b08-4c2fd98a-ac77c1fa-82f5afd5-cab68f6f.jpg,image file is truncated (10 bytes not processed)
7643,files/p15/p15727720/s58175105/11ed15cd-969010c3-76f74677-ff33b73b-5d53c292.jpg,image file is truncated (12 bytes not processed)
8291,files/p19/p19199702/s57004388/650c0579-04106a67-fd176696-e7b5779f-c32b4b47.jpg,image file is truncated (8 bytes not processed)
12898,files/p14/p14852007/s52389534/b5e526fd-21ca37fd-5d7129b9-4c4334e0-86ade8bf.jpg,image file is truncated (9 bytes not processed)
13117,files/p17/p17769704/s57548744/a5e440c0-a8750021-83ef8efa-e27bff60-5162cb10.jpg,image file is truncated (6 bytes not processed)
13202,files/p11/p11452828/s50051143/0f260c34-5013ef6f-2c0413e1-73d03f27-1e696f21.jpg,image file is truncated (23 bytes not processed)
13849,files/p13/p13358833/s57329687/355470af-136374d1-fff21ed9-3951e90f-bcc01581.jpg,image file is truncated (7 bytes not processed)
17659,files/p17/p17781441/s58069339/026846ca-69413b2b-12dc96fb-f3d11db4-7d39fe63.jpg,image file is truncated (9 bytes not processed)
21404,files/p16/p16766035/s55975273/d8dda694-04c0c0bd-4b4d0ffe-efbe4cf9-2c0a7018.jpg,image file is truncated (0 bytes not processed)
21915,files/p10/p10670818/s54097721/732e8e1d-287cd801-dd8a8570-1128f258-fca12819.jpg,image file is truncated (5 bytes not processed)
23006,files/p13/p13078535/s50338030/8adec502-aab8b4db-484e8a4a-c175cc70-071600d3.jpg,image file is truncated (15 bytes not processed)
23175,files/p15/p15476958/s54122687/1fde8ba2-94d6343c-57228019-3724076c-41cd2ff0.jpg,image file is truncated (15 bytes not processed)
23512,files/p11/p11869585/s57287313/b933cb5a-c402a59a-098b6f5c-1fe4d937-10e7848f.jpg,image file is truncated (3 bytes not processed)
23601,files/p13/p13407751/s52893564/0508a400-6dce85e5-50f22a09-fa1062c4-2ca3d87d.jpg,image file is truncated (5 bytes not processed)
23692,files/p17/p17162389/s57920530/45629522-4b4286fb-1aceb56e-0d0440ee-e66f9196.jpg,image file is truncated (15 bytes not processed)
24018,files/p13/p13352405/s50344973/ce1985cc-a6c42ebf-5ff6ebaa-52ca117e-11ae0c1c.jpg,image file is truncated (23 bytes not processed)
24336,files/p13/p13333713/s50380072/be2ba677-df709d0b-0b24a429-d32508df-cbbf05f7.jpg,image file is truncated (5 bytes not processed)
24673,files/p17/p17223646/s56839844/2f99e04d-e829b199-2e2105e4-20efcc77-66bf2f77.jpg,image file is truncated (19 bytes not processed)
25611,files/p18/p18730522/s57626395/a638bde1-99c4592f-d5960520-030f1b13-638590bb.jpg,image file is truncated (5 bytes not processed)
25809,files/p15/p15774521/s52370325/440a4e8a-1e7d080d-d5c170d9-6e1a4d44-b44264cd.jpg,image file is truncated (9 bytes not processed)
26818,files/p13/p13736592/s58561513/6eb3f333-c23a03d6-52c93684-22060ae1-6c0c9b23.jpg,image file is truncated (4 bytes not processed)
27273,files/p15/p15370871/s51753607/186f9110-f8dc1939-ef256ea5-f9246177-494cb8da.jpg,image file is truncated (6 bytes not processed)
30086,files/p10/p10532326/s59775769/d80a6738-8d88d0fb-04d18b57-35d87a21-0ec6ff6a.jpg,image file is truncated (5 bytes not processed)
31134,files/p10/p10308342/s51878774/13bc5ff6-665eba77-ddf0d1ef-b57fdea5-8748d8cf.jpg,image file is truncated (5 bytes not processed)
31582,files/p15/p15625104/s53240329/358c5a01-f4c66ad9-6cb1f43d-132cd8f5-985d80c4.jpg,image file is truncated (4 bytes not processed)
36312,files/p13/p13642689/s51833028/002dfb78-fcfdaa98-857a2e26-b0b3eea6-adfd97a6.jpg,image file is truncated (0 bytes not processed)
36772,files/p11/p11666315/s54927308/afd2957c-a7d39f6e-f279cc01-0d61b440-c579217c.jpg,image file is truncated (9 bytes not processed)
36787,files/p16/p16402709/s55766519/ccb77c32-31ec5bac-640fb935-a0b1ae1a-2b838865.jpg,image file is truncated (10 bytes not processed)
40093,files/p11/p11291230/s58995983/b1e54950-d5f0a073-63eee7c7-1edfb53a-1e08556c.jpg,image file is truncated (12 bytes not processed)
40248,files/p17/p17622334/s50445816/cfc6bb54-c26bcfee-54c24b98-e94f20f5-61a049e4.jpg,image file is truncated (26 bytes not processed)
41008,files/p14/p14117743/s56120602/5ddc5c77-58576b6e-9d4e9aba-5360ea76-5f928292.jpg,image file is truncated (2 bytes not processed)
43101,files/p10/p10268877/s55430988/14ff31ea-afb9a3f3-fca0fe57-1fb4e5d4-9f537945.jpg,image file is truncated (0 bytes not processed)
43320,files/p13/p13777833/s54703118/d4d85784-629d32fa-cff5a209-e563e74c-4ea19f5a.jpg,image file is truncated (5 bytes not processed)
43517,files/p17/p17370807/s53000799/184bf3c7-2ee3c9ee-228d7070-bcf143a0-0f6a011f.jpg,image file is truncated (1 bytes not processed)
44575,files/p12/p12128253/s57354901/c15576f2-a4d1c48c-358c2e3f-ab2cef0c-0c18d1eb.jpg,image file is truncated (22 bytes not processed)
44829,files/p19/p19624082/s53715120/dd1f870e-170454a8-9ade5f17-c07d6a74-08c15029.jpg,image file is truncated (10 bytes not processed)
45193,files/p14/p14841692/s59270373/ede5130f-90e3eda9-4bdd5b39-d3e5bfc9-005a3115.jpg,image file is truncated (8 bytes not processed)
45986,files/p11/p11940664/s54021707/01641193-2cca5235-818057e3-a61eace0-3630b92e.jpg,image file is truncated (15 bytes not processed)
46354,files/p13/p13840464/s57982294/65297f71-e79b8b5e-dfb09a82-34e95ad2-3670a403.jpg,image file is truncated (26 bytes not processed)
46525,files/p14/p14851532/s56151362/4d2579d2-b49b34fc-04174474-8267b2c8-23e71a24.jpg,image file is truncated (4 bytes not processed)
46844,files/p19/p19109226/s50267823/15b13f0b-db8bec8b-2adce427-ae87f11e-a4000bd3.jpg,image file is truncated (5 bytes not processed)
47181,files/p13/p13485392/s56504920/480f6ecc-87287c80-62237d1f-c73b1109-f0876cce.jpg,image file is truncated (9 bytes not processed)
47686,files/p18/p18298823/s54309145/7922f78f-3364bc8c-a0dbfeb0-847ad1c1-1e9dd1ed.jpg,image file is truncated (15 bytes not processed)
48827,files/p11/p11097412/s52644969/9f2c2043-cac8748f-3c9fc2f2-cfa246d6-3e3e9d77.jpg,image file is truncated (3 bytes not processed)
49102,files/p11/p11948471/s58017279/6a7324d8-8808c55e-50fbc7a6-9b087396-96eb4b5f.jpg,image file is truncated (2 bytes not processed)
49444,files/p16/p16893042/s54975145/8e1b5840-326ad0ef-4942cff7-0d748cdd-c06003a0.jpg,image file is truncated (9 bytes not processed)
50361,files/p13/p13282748/s55594585/3fa2105d-9687534c-727d32db-2a600458-b84f4ba0.jpg,image file is truncated (15 bytes not processed)
50557,files/p15/p15742396/s50949446/b1ffd61d-30b69062-b4dea796-3e2db6db-18b25e6b.jpg,image file is truncated (15 bytes not processed)
